annee,revenu_client_eur,cout_approvisionnement_eur,dont_energie_eur,dont_pointe_eur,dont_maintenance_eur,dont_remplacement_batterie_eur,gain_brut_fournisseur_eur,ancien_cout_client_indexe_eur,economie_client_eur,import_reseau_kwh,export_reseau_kwh,curtail_pv_kwh,cashflow_annuel_eur,cashflow_cumule_eur
1,108030.68776292865,108030.68776292865,102630.68776292865,5400.0,0.0,0.0,92857.14285714286,122648.072,14617.384237071354,639356.9502884371,2420.8026993615094,0.0,14617.384237071354,-78239.7586200715
2,111338.18554786831,111338.18554786831,105776.18554786831,5562.0,0.0,0.0,0.0,126327.51416,14989.328612131692,639751.4124421891,2375.570730703365,0.0,14989.328612131692,-63250.43000793981
3,114746.6326079383,114746.6326079383,109017.7726079383,5728.86,0.0,0.0,0.0,130117.3395848,15370.706976861693,640144.397475056,2331.0634721285032,0.0,15370.706976861693,-47879.723031078116
4,118259.10684780714,118259.10684780714,112358.38104780714,5900.7258,0.0,0.0,0.0,134020.859772344,15761.752924536864,640535.9559386333,2287.3171057205623,0.0,15761.752924536864,-32117.970106541252
5,121878.75169033112,121878.75169033112,115801.00411633113,6077.747574,0.0,0.0,0.0,138041.48556551433,16162.733875183214,640925.9325438506,2244.165405102405,0.0,16162.733875183214,-15955.236231358038
6,125608.85686970399,125608.85686970399,119348.77686848398,6260.080001220001,0.0,0.0,0.0,142182.73013247974,16573.873262775756,641314.4956920147,2201.7738230009095,0.0,16573.873262775756,618.6370314177184
7,129452.78344341912,129452.78344341912,123004.90104216251,6447.882401256601,0.0,0.0,0.0,146448.21203645415,16995.42859303503,641701.6473454264,2160.131585757917,0.0,16995.42859303503,17614.06562445275
8,133413.98249437113,133413.98249437113,126772.66362107682,6641.3188732943,0.0,0.0,0.0,150841.65839754778,17427.675903176656,642087.3292512434,2119.1635703735005,0.0,17427.675903176656,35041.741527629405
9,137496.0738351668,137496.0738351668,130655.51539567368,6840.558439493128,0.0,0.0,0.0,155366.90814947424,17870.83431430743,642471.857412763,2079.1750602976017,0.0,17870.83431430743,52912.57584193685
10,141702.72729364657,141702.72729364657,134656.95210096866,7045.775192677922,0.0,0.0,0.0,160027.91539395845,18325.188100311876,642855.1676335627,2040.0911928592798,0.0,18325.188100311876,71237.76394224873
11,146037.69037164448,146037.69037164448,138780.54192318622,7257.14844845826,0.0,0.0,0.0,164828.75285577722,18791.062484132737,643237.007761694,2001.6492031941789,0.0,18791.062484132737,90028.82642638146
12,150504.88363661454,150504.88363661454,143030.02073470253,7474.862901912009,0.0,0.0,0.0,169773.61544145053,19268.73180483599,643617.4768671484,1963.9376014409515,0.0,19268.73180483599,109297.55823121745
13,155108.32128178756,155108.32128178756,147409.2124928182,7699.108788969369,0.0,0.0,0.0,174866.82390469406,19758.502622906497,643996.5288081793,1926.8997388001546,0.0,19758.502622906497,129056.06085412395
14,159852.14356505463,159852.14356505463,151922.06151241617,7930.08205263845,0.0,0.0,0.0,180112.8286218349,20260.68505678026,644374.1436859855,1890.5052619531994,0.0,20260.68505678026,149316.7459109042
15,164740.692103674,164740.692103674,156572.7075894564,8167.984514217604,0.0,0.0,0.0,185516.21348048994,20775.521376815945,644750.6788489984,1855.1039136091952,0.0,20775.521376815945,170092.26728772017
